video_id,old_title,old_description
uH8XFK5RD5E,Chef Scabbs vs Gutmook – Book of Heroes | Hearthstone | Adventure Mode,"Chef Scabbs vs Gutmook – Book of Heroes | Hearthstone | Adventure Mode [Heroes of Warcraft] 
Solo PvE gameplay from Hearthstone's Book of Heroes adventure, featuring the Chef Scabbs vs Gutmook boss fight 
[2026 03 16T22 27 25]"
ExR80_Kc0LE,Medivh vs Fungalmancer Flurgl – Book of Heroes | Hearthstone | Adventure Mode,"Medivh vs Fungalmancer Flurgl – Book of Heroes | Hearthstone | Adventure Mode [Heroes of Warcraft]
Solo PvE gameplay from Hearthstone's Book of Heroes adventure, featuring the Medivh vs Fungalmancer Flurgl boss fight
[2026 03 20T22 11 55]"
PbE4ewC64C4,Kel'Thuzad vs George and Karl – Book of Heroes | Hearthstone | Adventure Mode,"Kel'Thuzad vs George and Karl – Book of Heroes | Hearthstone | Adventure Mode [Heroes of Warcraft]
Solo PvE gameplay from Hearthstone's Book of Heroes adventure, featuring the Kel'Thuzad vs George and Karl boss fight
[2026 03 20T22 20 01]"
Exc86GNipFg,King Rastakhan vs Giant Rat – Book of Heroes | Hearthstone | Adventure Mode,"King Rastakhan vs Giant Rat – Book of Heroes | Hearthstone | Adventure Mode [Heroes of Warcraft]
Solo PvE gameplay from Hearthstone's Book of Heroes adventure, featuring the King Rastakhan vs Giant Rat boss fight
[2026 03 20T22 23 33]"
1ALxjY6v0BU,King Rastakhan vs Candlebeard – Book of Heroes | Hearthstone | Adventure Mode,"King Rastakhan vs Candlebeard – Book of Heroes | Hearthstone | Adventure Mode [Heroes of Warcraft]
Solo PvE gameplay from Hearthstone's Book of Heroes adventure, featuring the King Rastakhan vs Candlebeard boss fight
[2026 03 20T22 27 25]"
9hKTXH-om70,King Rastakhan vs Seriona – Book of Heroes | Hearthstone | Adventure Mode,"King Rastakhan vs Seriona – Book of Heroes | Hearthstone | Adventure Mode [Heroes of Warcraft]
Solo PvE gameplay from Hearthstone's Book of Heroes adventure, featuring the King Rastakhan vs Seriona boss fight
[2026 03 20T22 29 44]"
gv5mCyBkVPY,King Rastakhan vs Blackseed – Book of Heroes | Hearthstone | Adventure Mode,"King Rastakhan vs Blackseed – Book of Heroes | Hearthstone | Adventure Mode [Heroes of Warcraft]
Solo PvE gameplay from Hearthstone's Book of Heroes adventure, featuring the King Rastakhan vs Blackseed boss fight
[2026 03 20T22 33 17]"
lAOTBE9xWeY,King Rastakhan vs Whompwhisker – Book of Heroes | Hearthstone | Adventure Mode,"King Rastakhan vs Whompwhisker – Book of Heroes | Hearthstone | Adventure Mode [Heroes of Warcraft]
Solo PvE gameplay from Hearthstone's Book of Heroes adventure, featuring the King Rastakhan vs Whompwhisker boss fight
[2026 03 20T22 40 35]"
fOH7DVQzgmo,King Rastakhan vs Chronomancer Inara – Book of Heroes | Hearthstone | Adventure Mode,"King Rastakhan vs Chronomancer Inara – Book of Heroes | Hearthstone | Adventure Mode [Heroes of Warcraft]
Solo PvE gameplay from Hearthstone's Book of Heroes adventure, featuring the King Rastakhan vs Chronomancer Inara boss fight
[2026 03 21T00 18 38]"
3F32Cmt0RI0,King Rastakhan vs King Togwaggle – Book of Heroes | Hearthstone | Adventure Mode,"King Rastakhan vs King Togwaggle – Book of Heroes | Hearthstone | Adventure Mode [Heroes of Warcraft]
Solo PvE gameplay from Hearthstone's Book of Heroes adventure, featuring the King Rastakhan vs King Togwaggle boss fight
[ 2026 03 21T00 27 25]"
IXuGi20KpEE,Kel'Thuzad vs Wee Whelp – Book of Heroes | Hearthstone | Adventure Mode,"Kel'Thuzad vs Wee Whelp – Book of Heroes | Hearthstone | Adventure Mode [Heroes of Warcraft]
Solo PvE gameplay from Hearthstone's Book of Heroes adventure, featuring the Kel'Thuzad vs Wee Whelp boss fight
[2026 03 21T00 36 01]"
l9Hwj7yjiB0,Kel'Thuzad vs Overseer Mogark – Book of Heroes | Hearthstone | Adventure Mode,"Kel'Thuzad vs Overseer Mogark – Book of Heroes | Hearthstone | Adventure Mode [Heroes of Warcraft]
Solo PvE gameplay from Hearthstone's Book of Heroes adventure, featuring the Kel'Thuzad vs Overseer Mogark boss fight
[2026 03 21T01 00 35]"
2kqySc-UjzE,Kel'Thuzad vs Frostfur – Book of Heroes | Hearthstone | Adventure Mode,"Kel'Thuzad vs Frostfur – Book of Heroes | Hearthstone | Adventure Mode [Heroes of Warcraft]
Solo PvE gameplay from Hearthstone's Book of Heroes adventure, featuring the Kel'Thuzad vs Frostfur boss fight
[2026 03 21T01 04 59]"
CwgkAkywKAc,Medivh vs Graves the Cleric – Book of Heroes | Hearthstone | Adventure Mode,"Medivh vs Graves the Cleric – Book of Heroes | Hearthstone | Adventure Mode [Heroes of Warcraft]
Solo PvE gameplay from Hearthstone's Book of Heroes adventure, featuring the Medivh vs Graves the Cleric boss fight
[2026 03 20T21 59 31]"
EuBxw_lUu7o,Kel'Thuzad vs A.F.Kay – Book of Heroes | Hearthstone | Adventure Mode,"Kel'Thuzad vs A.F.Kay – Book of Heroes | Hearthstone | Adventure Mode [Heroes of Warcraft]
Solo PvE gameplay from Hearthstone's Book of Heroes adventure, featuring the Kel'Thuzad vs A.F.Kay boss fight
[2026 03 20T22 03 47]"
0RLkRyvAnN0,Opera Diva Tamsim vs Overseer Mogark – Book of Heroes | Hearthstone | Adventure Mode,"Opera Diva Tamsim vs Overseer Mogark – Book of Heroes | Hearthstone | Adventure Mode [Heroes of Warcraft]
Solo PvE gameplay from Hearthstone's Book of Heroes adventure, featuring the Opera Diva Tamsim vs Overseer Mogark boss fight
[2026 03 20T11 25 02]"
7qVVfpFCHKw,Hearthstone [Heroes of Warcraft] Book of Heroes -N'Zoth vs Waxmancer Sturmi,"Hearthstone [Heroes of Warcraft] Book of Heroes -N'Zoth vs Waxmancer Sturmi – Book of Heroes | Hearthstone | Adventure Mode [Heroes of Warcraft]
Solo PvE gameplay from Hearthstone's Book of Heroes adventure, featuring the Hearthstone [Heroes of Warcraft] Book of Heroes -N'Zoth vs Waxmancer Sturmi boss fight
[2026 03 20T11 32 07]"
vOP5ZpdYSl8,Nemesis Gul'dan vs Spiritseeker Azun – Book of Heroes | Hearthstone | Adventure Mode,"Nemesis Gul'dan vs Spiritseeker Azun – Book of Heroes | Hearthstone | Adventure Mode [Heroes of Warcraft]
Solo PvE gameplay from Hearthstone's Book of Heroes adventure, featuring the Nemesis Gul'dan vs Spiritseeker Azun boss fight
[2026 03 20T11 38 39]"
y9iPmdU3lew,Opera Diva Tamsim vs George and Karl – Book of Heroes | Hearthstone | Adventure Mode,"Opera Diva Tamsim vs George and Karl – Book of Heroes | Hearthstone | Adventure Mode [Heroes of Warcraft]
Solo PvE gameplay from Hearthstone's Book of Heroes adventure, featuring the Opera Diva Tamsim vs George and Karl boss fight
[2026 03 20T11 45 05]"
tZQvPGDoeWY,Nemesis Gul'dan vs Blackseed – Book of Heroes | Hearthstone | Adventure Mode,"Nemesis Gul'dan vs Blackseed – Book of Heroes | Hearthstone | Adventure Mode [Heroes of Warcraft]
Solo PvE gameplay from Hearthstone's Book of Heroes adventure, featuring the Nemesis Gul'dan vs Blackseed boss fight
[2026 03 20T17 30 21]"
geG7UIecHdw,Mecha Jaraxxus vs Xol the Unscathed – Book of Heroes | Hearthstone | Adventure Mode,"Mecha Jaraxxus vs Xol the Unscathed – Book of Heroes | Hearthstone | Adventure Mode [Heroes of Warcraft]
Solo PvE gameplay from Hearthstone's Book of Heroes adventure, featuring the Mecha Jaraxxus vs Xol the Unscathed boss fight
[2026 03 20T20 04 14]"
B1f-lB3W_SI,King Rastakhan vs Wee Whelp – Book of Heroes | Hearthstone | Adventure Mode,"King Rastakhan vs Wee Whelp – Book of Heroes | Hearthstone | Adventure Mode [Heroes of Warcraft]
Solo PvE gameplay from Hearthstone's Book of Heroes adventure, featuring the King Rastakhan vs Wee Whelp boss fight
[2026 03 20T20 12 40]"
MJOAVcYW1rw,King Rastakhan vs Frostfur – Book of Heroes | Hearthstone | Adventure Mode,"King Rastakhan vs Frostfur – Book of Heroes | Hearthstone | Adventure Mode [Heroes of Warcraft]
Solo PvE gameplay from Hearthstone's Book of Heroes adventure, featuring the King Rastakhan vs Frostfur boss fight
[2026 03 20T20 15 06]"
x1MzjBAyWoc,King Rastakhan vs Graves the Cleric – Book of Heroes | Hearthstone | Adventure Mode,"King Rastakhan vs Graves the Cleric – Book of Heroes | Hearthstone | Adventure Mode [Heroes of Warcraft]
Solo PvE gameplay from Hearthstone's Book of Heroes adventure, featuring the King Rastakhan vs Graves the Cleric boss fight
[2026 03 20T20 17 31]"
eQm75ixBqKo,N'Zoth vs Frostfur – Book of Heroes | Hearthstone | Adventure Mode,"N'Zoth vs Frostfur – Book of Heroes | Hearthstone | Adventure Mode [Heroes of Warcraft]
Solo PvE gameplay from Hearthstone's Book of Heroes adventure, featuring the N'Zoth vs Frostfur boss fight
[2026 03 20T11 20 19]"
VeIKj4JN1Zk,King Rastakhan vs Wee Whelp – Book of Heroes | Hearthstone | Adventure Mode,"King Rastakhan vs Wee Whelp – Book of Heroes | Hearthstone | Adventure Mode [Heroes of Warcraft]
Solo PvE gameplay from Hearthstone's Book of Heroes adventure, featuring the King Rastakhan vs Wee Whelp boss fight
[2026 03 20T20 35 09]"
CoeCbvtqDMg,Garrosh of Wrath vs Elder Brandlemar – Book of Heroes | Hearthstone | Adventure Mode,"Garrosh of Wrath vs Elder Brandlemar – Book of Heroes | Hearthstone | Adventure Mode [Heroes of Warcraft]
Solo PvE gameplay from Hearthstone's Book of Heroes adventure, featuring the Garrosh of Wrath vs Elder Brandlemar boss fight
[2026 03 15T23 23 35]"
hpW4xpmC_P0,Garrosh of Wrath vs Seriona – Book of Heroes | Hearthstone | Adventure Mode,"Garrosh of Wrath vs Seriona – Book of Heroes | Hearthstone | Adventure Mode [Heroes of Warcraft]
Solo PvE gameplay from Hearthstone's Book of Heroes adventure, featuring the Garrosh of Wrath vs Seriona boss fight
[2026 03 15T23 40 09]"
m0baO1ZepIY,Garrosh of Wrath vs Kraxx – Book of Heroes | Hearthstone | Adventure Mode,"Garrosh of Wrath vs Kraxx – Book of Heroes | Hearthstone | Adventure Mode [Heroes of Warcraft]
Solo PvE gameplay from Hearthstone's Book of Heroes adventure, featuring the Garrosh of Wrath vs Kraxx boss fight
[2026 03 15T23 45 44]"
m4TqBIqNZuo,Garrosh of Wrath vs Giant Rat – Book of Heroes | Hearthstone | Adventure Mode,"Garrosh of Wrath vs Giant Rat – Book of Heroes | Hearthstone | Adventure Mode [Heroes of Warcraft]
Solo PvE gameplay from Hearthstone's Book of Heroes adventure, featuring the Garrosh of Wrath vs Giant Rat boss fight
[2026 03 15T23 54 35]"
MS0YJ8CGAK0,Garrosh of Wrath vs Frostfur – Book of Heroes | Hearthstone | Adventure Mode,"Garrosh of Wrath vs Frostfur – Book of Heroes | Hearthstone | Adventure Mode [Heroes of Warcraft]
Solo PvE gameplay from Hearthstone's Book of Heroes adventure, featuring the Garrosh of Wrath vs Frostfur boss fight
[2026 03 16T00 05 50]"
ViJw_5uIAD8,Garrosh of Wrath vs Elder Brandlemar – Book of Heroes | Hearthstone | Adventure Mode,"Garrosh of Wrath vs Elder Brandlemar – Book of Heroes | Hearthstone | Adventure Mode [Heroes of Warcraft]
Solo PvE gameplay from Hearthstone's Book of Heroes adventure, featuring the Garrosh of Wrath vs Elder Brandlemar boss fight
[2026 03 16T00 09 48]"
nrSLPUvfsyc,Garrosh of Wrath vs Russell the Bard – Book of Heroes | Hearthstone | Adventure Mode,"Garrosh of Wrath vs Russell the Bard – Book of Heroes | Hearthstone | Adventure Mode [Heroes of Warcraft]
Solo PvE gameplay from Hearthstone's Book of Heroes adventure, featuring the Garrosh of Wrath vs Russell the Bard boss fight
[2026 03 16T00 14 36]"
nvPC-T20iUA,Garrosh of Wrath vs Wee Whelp – Book of Heroes | Hearthstone | Adventure Mode,"Garrosh of Wrath vs Wee Whelp – Book of Heroes | Hearthstone | Adventure Mode [Heroes of Warcraft]
Solo PvE gameplay from Hearthstone's Book of Heroes adventure, featuring the Garrosh of Wrath vs Wee Whelp boss fight
[2026 03 16T00 22 32]"
50V88esRb_g,Garrosh of Wrath vs Frostfur – Book of Heroes | Hearthstone | Adventure Mode,"Garrosh of Wrath vs Frostfur – Book of Heroes | Hearthstone | Adventure Mode [Heroes of Warcraft]
Solo PvE gameplay from Hearthstone's Book of Heroes adventure, featuring the Garrosh of Wrath vs Frostfur boss fight
[2026 03 16T00 28 03]"
7PisVQJUi1I,Garrosh of Wrath vs Bristlesnarl – Book of Heroes | Hearthstone | Adventure Mode,"Garrosh of Wrath vs Bristlesnarl – Book of Heroes | Hearthstone | Adventure Mode [Heroes of Warcraft]
Solo PvE gameplay from Hearthstone's Book of Heroes adventure, featuring the Garrosh of Wrath vs Bristlesnarl boss fight
[2026 03 16T01 24 26]"
xSkb89hW4i4,Garrosh of Wrath vs Wee Whelp – Book of Heroes | Hearthstone | Adventure Mode,"Garrosh of Wrath vs Wee Whelp – Book of Heroes | Hearthstone | Adventure Mode [Heroes of Warcraft]
Solo PvE gameplay from Hearthstone's Book of Heroes adventure, featuring the Garrosh of Wrath vs Wee Whelp boss fight
[2026 03 16T18 43 22]"
YOeacM70l90,Garrosh of Wrath vs Graves the Cleric – Book of Heroes | Hearthstone | Adventure Mode,"Garrosh of Wrath vs Graves the Cleric – Book of Heroes | Hearthstone | Adventure Mode [Heroes of Warcraft]
Solo PvE gameplay from Hearthstone's Book of Heroes adventure, featuring the Garrosh of Wrath vs Graves the Cleric boss fight
[2026 03 16T18 45 33]"
tgEg_ZlV8JY,Garrosh of Wrath vs Pathmaker Hamm – Book of Heroes | Hearthstone | Adventure Mode,"Garrosh of Wrath vs Pathmaker Hamm – Book of Heroes | Hearthstone | Adventure Mode [Heroes of Warcraft]
Solo PvE gameplay from Hearthstone's Book of Heroes adventure, featuring the Garrosh of Wrath vs Pathmaker Hamm boss fight
[2026 03 16T18 49 01]"
H6Q5cVHSMlc,Garrosh of Wrath vs Thaddock the Thief – Book of Heroes | Hearthstone | Adventure Mode,"Hearthstone Book of Heroes gameplay from Adventure Mode.

Part of the Hearthstone - Adventure mode playlist."
XI8dDb-3HWk,Garrosh of Wrath vs Waxmancer Sturmi – Book of Heroes | Hearthstone | Adventure Mode,"Hearthstone Book of Heroes gameplay from Adventure Mode.

Part of the Hearthstone - Adventure mode playlist."
pZ1kev3VSQg,Garrosh of Wrath vs Blackseed – Book of Heroes | Hearthstone | Adventure Mode,"Hearthstone Book of Heroes gameplay from Adventure Mode.

Part of the Hearthstone - Adventure mode playlist."
EuRuxHaeInM,Hearthstone  Heroes of Warcraft   2026 03 16T19 24 22,"Hearthstone  Heroes of Warcraft   2026 03 16T19 24 22 – Book of Heroes | Hearthstone | Adventure Mode [Heroes of Warcraft]
Solo PvE gameplay from Hearthstone's Book of Heroes adventure, featuring the Hearthstone  Heroes of Warcraft   2026 03 16T19 24 22 boss fight"
34GIEuLf53A,Hearthstone  Heroes of Warcraft   2026 03 16T19 30 54,"Hearthstone  Heroes of Warcraft   2026 03 16T19 30 54 – Book of Heroes | Hearthstone | Adventure Mode [Heroes of Warcraft]
Solo PvE gameplay from Hearthstone's Book of Heroes adventure, featuring the Hearthstone  Heroes of Warcraft   2026 03 16T19 30 54 boss fight"
Jz0aYw3oveE,Hearthstone  Heroes of Warcraft   2026 03 16T00 37 59,"Hearthstone  Heroes of Warcraft   2026 03 16T00 37 59 – Book of Heroes | Hearthstone | Adventure Mode [Heroes of Warcraft]
Solo PvE gameplay from Hearthstone's Book of Heroes adventure, featuring the Hearthstone  Heroes of Warcraft   2026 03 16T00 37 59 boss fight"
l2gKlOAbJzc,Hearthstone  Heroes of Warcraft   2026 03 16T00 45 38,"Hearthstone  Heroes of Warcraft   2026 03 16T00 45 38 – Book of Heroes | Hearthstone | Adventure Mode [Heroes of Warcraft]
Solo PvE gameplay from Hearthstone's Book of Heroes adventure, featuring the Hearthstone  Heroes of Warcraft   2026 03 16T00 45 38 boss fight"
0PlvGGBRsto,Hearthstone  Heroes of Warcraft   2026 03 16T00 49 53,"Hearthstone  Heroes of Warcraft   2026 03 16T00 49 53 – Book of Heroes | Hearthstone | Adventure Mode [Heroes of Warcraft]
Solo PvE gameplay from Hearthstone's Book of Heroes adventure, featuring the Hearthstone  Heroes of Warcraft   2026 03 16T00 49 53 boss fight"
BEnj_Y2XzzM,Hearthstone  Heroes of Warcraft   2026 03 16T00 53 55,"Hearthstone  Heroes of Warcraft   2026 03 16T00 53 55 – Book of Heroes | Hearthstone | Adventure Mode [Heroes of Warcraft]
Solo PvE gameplay from Hearthstone's Book of Heroes adventure, featuring the Hearthstone  Heroes of Warcraft   2026 03 16T00 53 55 boss fight"
pjZc4VY6XZs,Hearthstone  Heroes of Warcraft   2026 03 16T01 00 11,"Hearthstone  Heroes of Warcraft   2026 03 16T01 00 11 – Book of Heroes | Hearthstone | Adventure Mode [Heroes of Warcraft]
Solo PvE gameplay from Hearthstone's Book of Heroes adventure, featuring the Hearthstone  Heroes of Warcraft   2026 03 16T01 00 11 boss fight"
O-r-kj9-M68,Garrosh vs Greatmother Geyah – Book of Heroes | Hearthstone | Adventure Mode,"Hearthstone Book of Heroes gameplay from Adventure Mode.

Featuring the Garrosh vs Greatmother Geyah encounter.

Part of the Hearthstone adventure playlist."
2rDG9U-_mR8,Hearthstone  Heroes of Warcraft   2026 03 16T19 53 25,"Hearthstone  Heroes of Warcraft   2026 03 16T19 53 25 – Book of Heroes | Hearthstone | Adventure Mode [Heroes of Warcraft]
Solo PvE gameplay from Hearthstone's Book of Heroes adventure, featuring the Hearthstone  Heroes of Warcraft   2026 03 16T19 53 25 boss fight"
aDYuFbn4814,Hearthstone  Heroes of Warcraft   2026 03 16T20 00 25,"Hearthstone  Heroes of Warcraft   2026 03 16T20 00 25 – Book of Heroes | Hearthstone | Adventure Mode [Heroes of Warcraft]
Solo PvE gameplay from Hearthstone's Book of Heroes adventure, featuring the Hearthstone  Heroes of Warcraft   2026 03 16T20 00 25 boss fight"
MAj8hMkMXMg,Hearthstone  Heroes of Warcraft   2026 03 16T20 06 40,"Hearthstone  Heroes of Warcraft   2026 03 16T20 06 40 – Book of Heroes | Hearthstone | Adventure Mode [Heroes of Warcraft]
Solo PvE gameplay from Hearthstone's Book of Heroes adventure, featuring the Hearthstone  Heroes of Warcraft   2026 03 16T20 06 40 boss fight"
u3juuaGT7PU,Hearthstone  Heroes of Warcraft   2026 03 16T20 15 47,"Hearthstone  Heroes of Warcraft   2026 03 16T20 15 47 – Book of Heroes | Hearthstone | Adventure Mode [Heroes of Warcraft]
Solo PvE gameplay from Hearthstone's Book of Heroes adventure, featuring the Hearthstone  Heroes of Warcraft   2026 03 16T20 15 47 boss fight"
e6Y5uGrf7RM,Hearthstone  Heroes of Warcraft   2026 03 16T20 25 31,"Hearthstone  Heroes of Warcraft   2026 03 16T20 25 31 – Book of Heroes | Hearthstone | Adventure Mode [Heroes of Warcraft]
Solo PvE gameplay from Hearthstone's Book of Heroes adventure, featuring the Hearthstone  Heroes of Warcraft   2026 03 16T20 25 31 boss fight"
hvfxZrLigAg,Hearthstone  Heroes of Warcraft   2026 03 16T20 33 29,"Hearthstone  Heroes of Warcraft   2026 03 16T20 33 29 – Book of Heroes | Hearthstone | Adventure Mode [Heroes of Warcraft]
Solo PvE gameplay from Hearthstone's Book of Heroes adventure, featuring the Hearthstone  Heroes of Warcraft   2026 03 16T20 33 29 boss fight"
TFS2nmuOL8Y,Hearthstone Heroes of Warcraft 2026 03 20T20 45 21,"Hearthstone Heroes of Warcraft 2026 03 20T20 45 21 – Book of Heroes | Hearthstone | Adventure Mode [Heroes of Warcraft]
Solo PvE gameplay from Hearthstone's Book of Heroes adventure, featuring the Hearthstone Heroes of Warcraft 2026 03 20T20 45 21 boss fight"
e_03l87DWT4,Hearthstone  Heroes of Warcraft   2026 03 20T20 49 59,"Hearthstone  Heroes of Warcraft   2026 03 20T20 49 59 – Book of Heroes | Hearthstone | Adventure Mode [Heroes of Warcraft]
Solo PvE gameplay from Hearthstone's Book of Heroes adventure, featuring the Hearthstone  Heroes of Warcraft   2026 03 20T20 49 59 boss fight"
9ZrO9B9VD_I,Hearthstone Heroes of Warcraft 2026 03 20T20 54 58,"Hearthstone Heroes of Warcraft 2026 03 20T20 54 58 – Book of Heroes | Hearthstone | Adventure Mode [Heroes of Warcraft]
Solo PvE gameplay from Hearthstone's Book of Heroes adventure, featuring the Hearthstone Heroes of Warcraft 2026 03 20T20 54 58 boss fight"
_AIMvr34gAc,Hearthstone Heroes of Warcraft 2026 03 20T21 03 08,"Hearthstone Heroes of Warcraft 2026 03 20T21 03 08 – Book of Heroes | Hearthstone | Adventure Mode [Heroes of Warcraft]
Solo PvE gameplay from Hearthstone's Book of Heroes adventure, featuring the Hearthstone Heroes of Warcraft 2026 03 20T21 03 08 boss fight"
wmQ-4wHJr2w,Hearthstone Heroes of Warcraft 2026 03 19T23 47 39,"Hearthstone Heroes of Warcraft 2026 03 19T23 47 39 – Book of Heroes | Hearthstone | Adventure Mode [Heroes of Warcraft]
Solo PvE gameplay from Hearthstone's Book of Heroes adventure, featuring the Hearthstone Heroes of Warcraft 2026 03 19T23 47 39 boss fight"
gAq5wGTPcjM,Hearthstone Heroes of Warcraft 2026 03 19T23 50 56,"Hearthstone Heroes of Warcraft 2026 03 19T23 50 56 – Book of Heroes | Hearthstone | Adventure Mode [Heroes of Warcraft]
Solo PvE gameplay from Hearthstone's Book of Heroes adventure, featuring the Hearthstone Heroes of Warcraft 2026 03 19T23 50 56 boss fight"
YHyKwBJkRLU,Hearthstone Heroes of Warcraft 2026 03 19T23 53 51,"Hearthstone Heroes of Warcraft 2026 03 19T23 53 51 – Book of Heroes | Hearthstone | Adventure Mode [Heroes of Warcraft]
Solo PvE gameplay from Hearthstone's Book of Heroes adventure, featuring the Hearthstone Heroes of Warcraft 2026 03 19T23 53 51 boss fight"
-Mvsoz_uCQY,Hearthstone [Heroes of Warcraft] 2026 03 19T23 59 06,"Hearthstone [Heroes of Warcraft] 2026 03 19T23 59 06 – Book of Heroes | Hearthstone | Adventure Mode [Heroes of Warcraft]
Solo PvE gameplay from Hearthstone's Book of Heroes adventure, featuring the Hearthstone [Heroes of Warcraft] 2026 03 19T23 59 06 boss fight"
cpvhsi30fhY,Hearthstone [Heroes of Warcraft] 2026 03 20T00 03 40,"Hearthstone [Heroes of Warcraft] 2026 03 20T00 03 40 – Book of Heroes | Hearthstone | Adventure Mode [Heroes of Warcraft]
Solo PvE gameplay from Hearthstone's Book of Heroes adventure, featuring the Hearthstone [Heroes of Warcraft] 2026 03 20T00 03 40 boss fight"
QA9TDNnf9Mc,Hearthstone [Heroes of Warcraft]  2026 03 20T00 12 14,"Hearthstone [Heroes of Warcraft]  2026 03 20T00 12 14 – Book of Heroes | Hearthstone | Adventure Mode [Heroes of Warcraft]
Solo PvE gameplay from Hearthstone's Book of Heroes adventure, featuring the Hearthstone [Heroes of Warcraft]  2026 03 20T00 12 14 boss fight"
L65j6u86t_g,Hearthstone Heroes of Warcraft  2026 03 20T00 17 39,"Hearthstone Heroes of Warcraft  2026 03 20T00 17 39 – Book of Heroes | Hearthstone | Adventure Mode [Heroes of Warcraft]
Solo PvE gameplay from Hearthstone's Book of Heroes adventure, featuring the Hearthstone Heroes of Warcraft  2026 03 20T00 17 39 boss fight"
5ynk3Hto8xw,Hearthstone Heroes of Warcraft  2026 03 20T00 21 35,"Hearthstone Heroes of Warcraft  2026 03 20T00 21 35 – Book of Heroes | Hearthstone | Adventure Mode [Heroes of Warcraft]
Solo PvE gameplay from Hearthstone's Book of Heroes adventure, featuring the Hearthstone Heroes of Warcraft  2026 03 20T00 21 35 boss fight"
nlf6FJQgED4,Hearthstone Heroes of Warcraft  2026 03 20T00 25 39,"Hearthstone Heroes of Warcraft  2026 03 20T00 25 39 – Book of Heroes | Hearthstone | Adventure Mode [Heroes of Warcraft]
Solo PvE gameplay from Hearthstone's Book of Heroes adventure, featuring the Hearthstone Heroes of Warcraft  2026 03 20T00 25 39 boss fight"
HMUsLDng-7Q,Hearthstone Heroes of Warcraft  2026 03 20T00 29 49,"Hearthstone Heroes of Warcraft  2026 03 20T00 29 49 – Book of Heroes | Hearthstone | Adventure Mode [Heroes of Warcraft]
Solo PvE gameplay from Hearthstone's Book of Heroes adventure, featuring the Hearthstone Heroes of Warcraft  2026 03 20T00 29 49 boss fight"
fSxyH_av4p0,Hearthstone Heroes of Warcraft 2026 03 20T00 33 13,"Hearthstone Heroes of Warcraft 2026 03 20T00 33 13 – Book of Heroes | Hearthstone | Adventure Mode [Heroes of Warcraft]
Solo PvE gameplay from Hearthstone's Book of Heroes adventure, featuring the Hearthstone Heroes of Warcraft 2026 03 20T00 33 13 boss fight"
DvCGhBBt7Gw,Hearthstone  Heroes of Warcraft   2026 03 23T20 03 48,"Hearthstone  Heroes of Warcraft   2026 03 23T20 03 48 – Book of Heroes | Hearthstone | Adventure Mode [Heroes of Warcraft]
Solo PvE gameplay from Hearthstone's Book of Heroes adventure, featuring the Hearthstone  Heroes of Warcraft   2026 03 23T20 03 48 boss fight"
xesN6tOZ0tc,Hearthstone  Heroes of Warcraft   2026 03 23T20 10 51,"Hearthstone  Heroes of Warcraft   2026 03 23T20 10 51 – Book of Heroes | Hearthstone | Adventure Mode [Heroes of Warcraft]
Solo PvE gameplay from Hearthstone's Book of Heroes adventure, featuring the Hearthstone  Heroes of Warcraft   2026 03 23T20 10 51 boss fight"
dysfx9RgEFo,Hearthstone  Heroes of Warcraft   2026 03 23T20 19 46,"Hearthstone  Heroes of Warcraft   2026 03 23T20 19 46 – Book of Heroes | Hearthstone | Adventure Mode [Heroes of Warcraft]
Solo PvE gameplay from Hearthstone's Book of Heroes adventure, featuring the Hearthstone  Heroes of Warcraft   2026 03 23T20 19 46 boss fight"
W1LbHzhnGxM,Hearthstone  Heroes of Warcraft   2026 03 23T20 33 02,"Hearthstone  Heroes of Warcraft   2026 03 23T20 33 02 – Book of Heroes | Hearthstone | Adventure Mode [Heroes of Warcraft]
Solo PvE gameplay from Hearthstone's Book of Heroes adventure, featuring the Hearthstone  Heroes of Warcraft   2026 03 23T20 33 02 boss fight"
mVKRY0tqPRk,Hearthstone  Heroes of Warcraft   2026 03 23T21 00 44,"Hearthstone  Heroes of Warcraft   2026 03 23T21 00 44 – Book of Heroes | Hearthstone | Adventure Mode [Heroes of Warcraft]
Solo PvE gameplay from Hearthstone's Book of Heroes adventure, featuring the Hearthstone  Heroes of Warcraft   2026 03 23T21 00 44 boss fight"
P2FIx9jtqqw,Hearthstone  Heroes of Warcraft   2026 03 23T17 47 02,"Hearthstone  Heroes of Warcraft   2026 03 23T17 47 02 – Book of Heroes | Hearthstone | Adventure Mode [Heroes of Warcraft]
Solo PvE gameplay from Hearthstone's Book of Heroes adventure, featuring the Hearthstone  Heroes of Warcraft   2026 03 23T17 47 02 boss fight"
1KmEiHctNoE,Hearthstone  Heroes of Warcraft   2026 03 23T17 50 29,"Hearthstone  Heroes of Warcraft   2026 03 23T17 50 29 – Book of Heroes | Hearthstone | Adventure Mode [Heroes of Warcraft]
Solo PvE gameplay from Hearthstone's Book of Heroes adventure, featuring the Hearthstone  Heroes of Warcraft   2026 03 23T17 50 29 boss fight"
ijZEvd9w-Ms,Hearthstone  Heroes of Warcraft   2026 03 23T17 54 29,"Hearthstone  Heroes of Warcraft   2026 03 23T17 54 29 – Book of Heroes | Hearthstone | Adventure Mode [Heroes of Warcraft]
Solo PvE gameplay from Hearthstone's Book of Heroes adventure, featuring the Hearthstone  Heroes of Warcraft   2026 03 23T17 54 29 boss fight"
7J7G5yWzK7s,Hearthstone  Heroes of Warcraft   2026 03 23T17 59 42,"Hearthstone  Heroes of Warcraft   2026 03 23T17 59 42 – Book of Heroes | Hearthstone | Adventure Mode [Heroes of Warcraft]
Solo PvE gameplay from Hearthstone's Book of Heroes adventure, featuring the Hearthstone  Heroes of Warcraft   2026 03 23T17 59 42 boss fight"
uxYVyYiK6L0,Hearthstone  Heroes of Warcraft   2026 03 23T18 04 46,"Hearthstone  Heroes of Warcraft   2026 03 23T18 04 46 – Book of Heroes | Hearthstone | Adventure Mode [Heroes of Warcraft]
Solo PvE gameplay from Hearthstone's Book of Heroes adventure, featuring the Hearthstone  Heroes of Warcraft   2026 03 23T18 04 46 boss fight"
CSnDdQj8vEc,Hearthstone  Heroes of Warcraft   2026 03 23T18 12 24,"Hearthstone  Heroes of Warcraft   2026 03 23T18 12 24 – Book of Heroes | Hearthstone | Adventure Mode [Heroes of Warcraft]
Solo PvE gameplay from Hearthstone's Book of Heroes adventure, featuring the Hearthstone  Heroes of Warcraft   2026 03 23T18 12 24 boss fight"
8WzqAzkw6dI,Hearthstone  Heroes of Warcraft   2026 03 23T18 20 28,"Hearthstone  Heroes of Warcraft   2026 03 23T18 20 28 – Book of Heroes | Hearthstone | Adventure Mode [Heroes of Warcraft]
Solo PvE gameplay from Hearthstone's Book of Heroes adventure, featuring the Hearthstone  Heroes of Warcraft   2026 03 23T18 20 28 boss fight"
KkmtoKkEQzQ,Hearthstone  Heroes of Warcraft   2026 03 23T18 25 45,"Hearthstone  Heroes of Warcraft   2026 03 23T18 25 45 – Book of Heroes | Hearthstone | Adventure Mode [Heroes of Warcraft]
Solo PvE gameplay from Hearthstone's Book of Heroes adventure, featuring the Hearthstone  Heroes of Warcraft   2026 03 23T18 25 45 boss fight"
70Qv1sgKMG0,Hearthstone  Heroes of Warcraft   2026 03 23T18 29 41,"Hearthstone  Heroes of Warcraft   2026 03 23T18 29 41 – Book of Heroes | Hearthstone | Adventure Mode [Heroes of Warcraft]
Solo PvE gameplay from Hearthstone's Book of Heroes adventure, featuring the Hearthstone  Heroes of Warcraft   2026 03 23T18 29 41 boss fight"
ZCcbhn1HFz8,Hearthstone  Heroes of Warcraft   2026 03 23T19 16 39,"Hearthstone  Heroes of Warcraft   2026 03 23T19 16 39 – Book of Heroes | Hearthstone | Adventure Mode [Heroes of Warcraft]
Solo PvE gameplay from Hearthstone's Book of Heroes adventure, featuring the Hearthstone  Heroes of Warcraft   2026 03 23T19 16 39 boss fight"
Qn4NsmT7MoA,Hearthstone  Heroes of Warcraft   2026 03 23T19 21 37,"Hearthstone  Heroes of Warcraft   2026 03 23T19 21 37 – Book of Heroes | Hearthstone | Adventure Mode [Heroes of Warcraft]
Solo PvE gameplay from Hearthstone's Book of Heroes adventure, featuring the Hearthstone  Heroes of Warcraft   2026 03 23T19 21 37 boss fight"
pRm2v7PLUj0,Hearthstone  Heroes of Warcraft   2026 03 23T19 31 28,"Hearthstone  Heroes of Warcraft   2026 03 23T19 31 28 – Book of Heroes | Hearthstone | Adventure Mode [Heroes of Warcraft]
Solo PvE gameplay from Hearthstone's Book of Heroes adventure, featuring the Hearthstone  Heroes of Warcraft   2026 03 23T19 31 28 boss fight"
GkBTpcwM4f0,Hearthstone  Heroes of Warcraft   2026 03 23T19 45 34,"Hearthstone  Heroes of Warcraft   2026 03 23T19 45 34 – Book of Heroes | Hearthstone | Adventure Mode [Heroes of Warcraft]
Solo PvE gameplay from Hearthstone's Book of Heroes adventure, featuring the Hearthstone  Heroes of Warcraft   2026 03 23T19 45 34 boss fight"
amSq3jZt2LU,Hearthstone Heroes of Warcraft  2026 03 23T19 40 37,"Hearthstone Heroes of Warcraft  2026 03 23T19 40 37 – Book of Heroes | Hearthstone | Adventure Mode [Heroes of Warcraft]
Solo PvE gameplay from Hearthstone's Book of Heroes adventure, featuring the Hearthstone Heroes of Warcraft  2026 03 23T19 40 37 boss fight"
NDa8bC6SL68,Hearthstone  Heroes of Warcraft   2026 03 23T19 53 08,"Hearthstone  Heroes of Warcraft   2026 03 23T19 53 08 – Book of Heroes | Hearthstone | Adventure Mode [Heroes of Warcraft]
Solo PvE gameplay from Hearthstone's Book of Heroes adventure, featuring the Hearthstone  Heroes of Warcraft   2026 03 23T19 53 08 boss fight"
a38Bg2CO4J4,Hearthstone  Heroes of Warcraft   2026 03 23T15 36 53,"Hearthstone  Heroes of Warcraft   2026 03 23T15 36 53 – Book of Heroes | Hearthstone | Adventure Mode [Heroes of Warcraft]
Solo PvE gameplay from Hearthstone's Book of Heroes adventure, featuring the Hearthstone  Heroes of Warcraft   2026 03 23T15 36 53 boss fight"
MRjqgPUqG0w,Hearthstone  Heroes of Warcraft   2026 03 23T15 40 41,"Hearthstone  Heroes of Warcraft   2026 03 23T15 40 41 – Book of Heroes | Hearthstone | Adventure Mode [Heroes of Warcraft]
Solo PvE gameplay from Hearthstone's Book of Heroes adventure, featuring the Hearthstone  Heroes of Warcraft   2026 03 23T15 40 41 boss fight"
JNniKJE_cqI,Hearthstone  Heroes of Warcraft   2026 03 23T15 47 53,"Hearthstone  Heroes of Warcraft   2026 03 23T15 47 53 – Book of Heroes | Hearthstone | Adventure Mode [Heroes of Warcraft]
Solo PvE gameplay from Hearthstone's Book of Heroes adventure, featuring the Hearthstone  Heroes of Warcraft   2026 03 23T15 47 53 boss fight"
1cZzvt2pT5Y,Hearthstone  Heroes of Warcraft   2026 03 23T15 55 39,"Hearthstone  Heroes of Warcraft   2026 03 23T15 55 39 – Book of Heroes | Hearthstone | Adventure Mode [Heroes of Warcraft]
Solo PvE gameplay from Hearthstone's Book of Heroes adventure, featuring the Hearthstone  Heroes of Warcraft   2026 03 23T15 55 39 boss fight"
rV6g2GP5R3Y,Hearthstone  Heroes of Warcraft   2026 03 23T15 58 28,"Hearthstone  Heroes of Warcraft   2026 03 23T15 58 28 – Book of Heroes | Hearthstone | Adventure Mode [Heroes of Warcraft]
Solo PvE gameplay from Hearthstone's Book of Heroes adventure, featuring the Hearthstone  Heroes of Warcraft   2026 03 23T15 58 28 boss fight"
kkcycfvuExs,Hearthstone  Heroes of Warcraft   2026 03 23T16 56 22,"Hearthstone  Heroes of Warcraft   2026 03 23T16 56 22 – Book of Heroes | Hearthstone | Adventure Mode [Heroes of Warcraft]
Solo PvE gameplay from Hearthstone's Book of Heroes adventure, featuring the Hearthstone  Heroes of Warcraft   2026 03 23T16 56 22 boss fight"
Z7cWmyX659s,Hearthstone  Heroes of Warcraft   2026 03 23T16 08 06,"Hearthstone  Heroes of Warcraft   2026 03 23T16 08 06 – Book of Heroes | Hearthstone | Adventure Mode [Heroes of Warcraft]
Solo PvE gameplay from Hearthstone's Book of Heroes adventure, featuring the Hearthstone  Heroes of Warcraft   2026 03 23T16 08 06 boss fight"
883H1O1N16s,Hearthstone  Heroes of Warcraft   2026 03 23T16 16 59,"Hearthstone  Heroes of Warcraft   2026 03 23T16 16 59 – Book of Heroes | Hearthstone | Adventure Mode [Heroes of Warcraft]
Solo PvE gameplay from Hearthstone's Book of Heroes adventure, featuring the Hearthstone  Heroes of Warcraft   2026 03 23T16 16 59 boss fight"
xRBawO40Pn8,Hearthstone  Heroes of Warcraft   2026 03 23T16 37 50,"Hearthstone  Heroes of Warcraft   2026 03 23T16 37 50 – Book of Heroes | Hearthstone | Adventure Mode [Heroes of Warcraft]
Solo PvE gameplay from Hearthstone's Book of Heroes adventure, featuring the Hearthstone  Heroes of Warcraft   2026 03 23T16 37 50 boss fight"
aD_j8lDavpA,Hearthstone  Heroes of Warcraft   2026 03 23T16 34 50,"Hearthstone  Heroes of Warcraft   2026 03 23T16 34 50 – Book of Heroes | Hearthstone | Adventure Mode [Heroes of Warcraft]
Solo PvE gameplay from Hearthstone's Book of Heroes adventure, featuring the Hearthstone  Heroes of Warcraft   2026 03 23T16 34 50 boss fight"
5DvWO7bIOes,Hearthstone  Heroes of Warcraft   2026 03 23T17 10 08,"Hearthstone  Heroes of Warcraft   2026 03 23T17 10 08 – Book of Heroes | Hearthstone | Adventure Mode [Heroes of Warcraft]
Solo PvE gameplay from Hearthstone's Book of Heroes adventure, featuring the Hearthstone  Heroes of Warcraft   2026 03 23T17 10 08 boss fight"
HKc6i58YHZQ,Hearthstone  Heroes of Warcraft   2026 03 23T17 27 04,"Hearthstone  Heroes of Warcraft   2026 03 23T17 27 04 – Book of Heroes | Hearthstone | Adventure Mode [Heroes of Warcraft]
Solo PvE gameplay from Hearthstone's Book of Heroes adventure, featuring the Hearthstone  Heroes of Warcraft   2026 03 23T17 27 04 boss fight"
xsvWCUyK8nI,Hearthstone  Heroes of Warcraft   2026 03 23T16 42 15,"Hearthstone  Heroes of Warcraft   2026 03 23T16 42 15 – Book of Heroes | Hearthstone | Adventure Mode [Heroes of Warcraft]
Solo PvE gameplay from Hearthstone's Book of Heroes adventure, featuring the Hearthstone  Heroes of Warcraft   2026 03 23T16 42 15 boss fight"
RY9DjJEyLoA,Hearthstone  Heroes of Warcraft   2026 03 23T17 20 42,"Hearthstone  Heroes of Warcraft   2026 03 23T17 20 42 – Book of Heroes | Hearthstone | Adventure Mode [Heroes of Warcraft]
Solo PvE gameplay from Hearthstone's Book of Heroes adventure, featuring the Hearthstone  Heroes of Warcraft   2026 03 23T17 20 42 boss fight"
qmUldoDIw0E,Hearthstone  Heroes of Warcraft   2026 03 23T17 39 03,"Hearthstone  Heroes of Warcraft   2026 03 23T17 39 03 – Book of Heroes | Hearthstone | Adventure Mode [Heroes of Warcraft]
Solo PvE gameplay from Hearthstone's Book of Heroes adventure, featuring the Hearthstone  Heroes of Warcraft   2026 03 23T17 39 03 boss fight"
L_znqd7Qflo,Hearthstone  Heroes of Warcraft   2026 03 22T13 45 09,"Hearthstone  Heroes of Warcraft   2026 03 22T13 45 09 – Book of Heroes | Hearthstone | Adventure Mode [Heroes of Warcraft]
Solo PvE gameplay from Hearthstone's Book of Heroes adventure, featuring the Hearthstone  Heroes of Warcraft   2026 03 22T13 45 09 boss fight"
X7veMlsmSaw,Hearthstone  Heroes of Warcraft   2026 03 22T13 50 00,"Hearthstone  Heroes of Warcraft   2026 03 22T13 50 00 – Book of Heroes | Hearthstone | Adventure Mode [Heroes of Warcraft]
Solo PvE gameplay from Hearthstone's Book of Heroes adventure, featuring the Hearthstone  Heroes of Warcraft   2026 03 22T13 50 00 boss fight"
95CkkP5M4SI,Hearthstone  Heroes of Warcraft   2026 03 22T13 54 25,"Hearthstone  Heroes of Warcraft   2026 03 22T13 54 25 – Book of Heroes | Hearthstone | Adventure Mode [Heroes of Warcraft]
Solo PvE gameplay from Hearthstone's Book of Heroes adventure, featuring the Hearthstone  Heroes of Warcraft   2026 03 22T13 54 25 boss fight"
HQsImYO4C5o,Hearthstone  Heroes of Warcraft   2026 03 22T14 02 05,"Hearthstone  Heroes of Warcraft   2026 03 22T14 02 05 – Book of Heroes | Hearthstone | Adventure Mode [Heroes of Warcraft]
Solo PvE gameplay from Hearthstone's Book of Heroes adventure, featuring the Hearthstone  Heroes of Warcraft   2026 03 22T14 02 05 boss fight"
16zwuO5OWg4,Hearthstone  Heroes of Warcraft   2026 03 22T14 09 58,"Hearthstone  Heroes of Warcraft   2026 03 22T14 09 58 – Book of Heroes | Hearthstone | Adventure Mode [Heroes of Warcraft]
Solo PvE gameplay from Hearthstone's Book of Heroes adventure, featuring the Hearthstone  Heroes of Warcraft   2026 03 22T14 09 58 boss fight"
SydhGwdy3YE,Hearthstone  Heroes of Warcraft   2026 03 22T14 18 30,"Hearthstone  Heroes of Warcraft   2026 03 22T14 18 30 – Book of Heroes | Hearthstone | Adventure Mode [Heroes of Warcraft]
Solo PvE gameplay from Hearthstone's Book of Heroes adventure, featuring the Hearthstone  Heroes of Warcraft   2026 03 22T14 18 30 boss fight"
nCMsWkN7Etk,Hearthstone  Heroes of Warcraft   2026 03 22T14 27 41,"Hearthstone  Heroes of Warcraft   2026 03 22T14 27 41 – Book of Heroes | Hearthstone | Adventure Mode [Heroes of Warcraft]
Solo PvE gameplay from Hearthstone's Book of Heroes adventure, featuring the Hearthstone  Heroes of Warcraft   2026 03 22T14 27 41 boss fight"
-Sg5mGO2nCs,Hearthstone  Heroes of Warcraft   2026 03 23T14 34 23,"Hearthstone  Heroes of Warcraft   2026 03 23T14 34 23 – Book of Heroes | Hearthstone | Adventure Mode [Heroes of Warcraft]
Solo PvE gameplay from Hearthstone's Book of Heroes adventure, featuring the Hearthstone  Heroes of Warcraft   2026 03 23T14 34 23 boss fight"
mUv2ICBLn_k,Hearthstone  Heroes of Warcraft   2026 03 23T14 38 15,"Hearthstone  Heroes of Warcraft   2026 03 23T14 38 15 – Book of Heroes | Hearthstone | Adventure Mode [Heroes of Warcraft]
Solo PvE gameplay from Hearthstone's Book of Heroes adventure, featuring the Hearthstone  Heroes of Warcraft   2026 03 23T14 38 15 boss fight"
zQwll0IX0wU,Hearthstone  Heroes of Warcraft   2026 03 21T20 09 07,"Hearthstone  Heroes of Warcraft   2026 03 21T20 09 07 – Book of Heroes | Hearthstone | Adventure Mode [Heroes of Warcraft]
Solo PvE gameplay from Hearthstone's Book of Heroes adventure, featuring the Hearthstone  Heroes of Warcraft   2026 03 21T20 09 07 boss fight"
BX7V_rt3pYc,Hearthstone Heroes of Warcraft  2026 03 19T23 41 30,"Hearthstone Heroes of Warcraft  2026 03 19T23 41 30 – Book of Heroes | Hearthstone | Adventure Mode [Heroes of Warcraft]
Solo PvE gameplay from Hearthstone's Book of Heroes adventure, featuring the Hearthstone Heroes of Warcraft  2026 03 19T23 41 30 boss fight"
9gOoX4OVhio,Hearthstone  Heroes of Warcraft   2026 03 20T00 43 48,"Hearthstone  Heroes of Warcraft   2026 03 20T00 43 48 – Book of Heroes | Hearthstone | Adventure Mode [Heroes of Warcraft]
Solo PvE gameplay from Hearthstone's Book of Heroes adventure, featuring the Hearthstone  Heroes of Warcraft   2026 03 20T00 43 48 boss fight"
kpN-P48l1p4,Hearthstone  Heroes of Warcraft   2026 03 20T00 50 02,"Hearthstone  Heroes of Warcraft   2026 03 20T00 50 02 – Book of Heroes | Hearthstone | Adventure Mode [Heroes of Warcraft]
Solo PvE gameplay from Hearthstone's Book of Heroes adventure, featuring the Hearthstone  Heroes of Warcraft   2026 03 20T00 50 02 boss fight"
uzOLsKWrksQ,Hearthstone  Heroes of Warcraft   2026 03 20T00 59 57,"Hearthstone  Heroes of Warcraft   2026 03 20T00 59 57 – Book of Heroes | Hearthstone | Adventure Mode [Heroes of Warcraft]
Solo PvE gameplay from Hearthstone's Book of Heroes adventure, featuring the Hearthstone  Heroes of Warcraft   2026 03 20T00 59 57 boss fight"
y3Yl7CS3KJ4,Hearthstone  Heroes of Warcraft   2026 03 20T11 16 34,"Hearthstone  Heroes of Warcraft   2026 03 20T11 16 34 – Book of Heroes | Hearthstone | Adventure Mode [Heroes of Warcraft]
Solo PvE gameplay from Hearthstone's Book of Heroes adventure, featuring the Hearthstone  Heroes of Warcraft   2026 03 20T11 16 34 boss fight"
APdP6YCw_TI,Hearthstone  Heroes of Warcraft   2026 03 21T19 05 30,"Hearthstone  Heroes of Warcraft   2026 03 21T19 05 30 – Book of Heroes | Hearthstone | Adventure Mode [Heroes of Warcraft]
Solo PvE gameplay from Hearthstone's Book of Heroes adventure, featuring the Hearthstone  Heroes of Warcraft   2026 03 21T19 05 30 boss fight"
TqvBYRRVZ6s,Hearthstone  Heroes of Warcraft   2026 03 21T19 08 44,"Hearthstone  Heroes of Warcraft   2026 03 21T19 08 44 – Book of Heroes | Hearthstone | Adventure Mode [Heroes of Warcraft]
Solo PvE gameplay from Hearthstone's Book of Heroes adventure, featuring the Hearthstone  Heroes of Warcraft   2026 03 21T19 08 44 boss fight"
sURC6D3CEO8,Hearthstone  Heroes of Warcraft   2026 03 21T19 12 07,"Hearthstone  Heroes of Warcraft   2026 03 21T19 12 07 – Book of Heroes | Hearthstone | Adventure Mode [Heroes of Warcraft]
Solo PvE gameplay from Hearthstone's Book of Heroes adventure, featuring the Hearthstone  Heroes of Warcraft   2026 03 21T19 12 07 boss fight"
gBU-8P7vyeA,Hearthstone  Heroes of Warcraft   2026 03 21T19 17 57,"Hearthstone  Heroes of Warcraft   2026 03 21T19 17 57 – Book of Heroes | Hearthstone | Adventure Mode [Heroes of Warcraft]
Solo PvE gameplay from Hearthstone's Book of Heroes adventure, featuring the Hearthstone  Heroes of Warcraft   2026 03 21T19 17 57 boss fight"
lYxWQO8Bd0A,Hearthstone  Heroes of Warcraft   2026 03 21T19 23 46,"Hearthstone  Heroes of Warcraft   2026 03 21T19 23 46 – Book of Heroes | Hearthstone | Adventure Mode [Heroes of Warcraft]
Solo PvE gameplay from Hearthstone's Book of Heroes adventure, featuring the Hearthstone  Heroes of Warcraft   2026 03 21T19 23 46 boss fight"
7zk0bajpdQQ,Hearthstone  Heroes of Warcraft   2026 03 21T19 28 15,"Hearthstone  Heroes of Warcraft   2026 03 21T19 28 15 – Book of Heroes | Hearthstone | Adventure Mode [Heroes of Warcraft]
Solo PvE gameplay from Hearthstone's Book of Heroes adventure, featuring the Hearthstone  Heroes of Warcraft   2026 03 21T19 28 15 boss fight"
D--J8h31q50,Hearthstone  Heroes of Warcraft   2026 03 24T13 56 25,"Hearthstone  Heroes of Warcraft   2026 03 24T13 56 25 – Book of Heroes | Hearthstone | Adventure Mode [Heroes of Warcraft]
Solo PvE gameplay from Hearthstone's Book of Heroes adventure, featuring the Hearthstone  Heroes of Warcraft   2026 03 24T13 56 25 boss fight"
i4VHiX8sogQ,Hearthstone  Heroes of Warcraft   2026 03 21T19 34 10,"Hearthstone  Heroes of Warcraft   2026 03 21T19 34 10 – Book of Heroes | Hearthstone | Adventure Mode [Heroes of Warcraft]
Solo PvE gameplay from Hearthstone's Book of Heroes adventure, featuring the Hearthstone  Heroes of Warcraft   2026 03 21T19 34 10 boss fight"
2AUEcilBfW4,Hearthstone  Heroes of Warcraft   2026 03 21T19 40 07,"Hearthstone  Heroes of Warcraft   2026 03 21T19 40 07 – Book of Heroes | Hearthstone | Adventure Mode [Heroes of Warcraft]
Solo PvE gameplay from Hearthstone's Book of Heroes adventure, featuring the Hearthstone  Heroes of Warcraft   2026 03 21T19 40 07 boss fight"
fm92ULm5VYM,Hearthstone  Heroes of Warcraft   2026 03 21T19 59 58,"Hearthstone  Heroes of Warcraft   2026 03 21T19 59 58 – Book of Heroes | Hearthstone | Adventure Mode [Heroes of Warcraft]
Solo PvE gameplay from Hearthstone's Book of Heroes adventure, featuring the Hearthstone  Heroes of Warcraft   2026 03 21T19 59 58 boss fight"
2u4Fa1JR5r0,Hearthstone  Heroes of Warcraft   2026 03 22T12 00 42,"Hearthstone  Heroes of Warcraft   2026 03 22T12 00 42 – Book of Heroes | Hearthstone | Adventure Mode [Heroes of Warcraft]
Solo PvE gameplay from Hearthstone's Book of Heroes adventure, featuring the Hearthstone  Heroes of Warcraft   2026 03 22T12 00 42 boss fight"
vma12he1qKE,Hearthstone  Heroes of Warcraft   2026 03 22T12 04 08,"Hearthstone  Heroes of Warcraft   2026 03 22T12 04 08 – Book of Heroes | Hearthstone | Adventure Mode [Heroes of Warcraft]
Solo PvE gameplay from Hearthstone's Book of Heroes adventure, featuring the Hearthstone  Heroes of Warcraft   2026 03 22T12 04 08 boss fight"
hka1eYMZBMQ,Hearthstone  Heroes of Warcraft   2026 03 21T20 16 50,"Hearthstone  Heroes of Warcraft   2026 03 21T20 16 50 – Book of Heroes | Hearthstone | Adventure Mode [Heroes of Warcraft]
Solo PvE gameplay from Hearthstone's Book of Heroes adventure, featuring the Hearthstone  Heroes of Warcraft   2026 03 21T20 16 50 boss fight"
MAXwBWlbsH4,Hearthstone  Heroes of Warcraft   2026 03 21T20 25 02,"Hearthstone  Heroes of Warcraft   2026 03 21T20 25 02 – Book of Heroes | Hearthstone | Adventure Mode [Heroes of Warcraft]
Solo PvE gameplay from Hearthstone's Book of Heroes adventure, featuring the Hearthstone  Heroes of Warcraft   2026 03 21T20 25 02 boss fight"
ki3GzaYDRkg,Hearthstone  Heroes of Warcraft   2026 03 22T11 01 29,"Hearthstone  Heroes of Warcraft   2026 03 22T11 01 29 – Book of Heroes | Hearthstone | Adventure Mode [Heroes of Warcraft]
Solo PvE gameplay from Hearthstone's Book of Heroes adventure, featuring the Hearthstone  Heroes of Warcraft   2026 03 22T11 01 29 boss fight"
6-9vlgibN5Q,Hearthstone  Heroes of Warcraft   2026 03 22T11 04 31,"Hearthstone  Heroes of Warcraft   2026 03 22T11 04 31 – Book of Heroes | Hearthstone | Adventure Mode [Heroes of Warcraft]
Solo PvE gameplay from Hearthstone's Book of Heroes adventure, featuring the Hearthstone  Heroes of Warcraft   2026 03 22T11 04 31 boss fight"
S15OKUUVigo,Hearthstone  Heroes of Warcraft   2026 03 22T11 21 50,"Hearthstone  Heroes of Warcraft   2026 03 22T11 21 50 – Book of Heroes | Hearthstone | Adventure Mode [Heroes of Warcraft]
Solo PvE gameplay from Hearthstone's Book of Heroes adventure, featuring the Hearthstone  Heroes of Warcraft   2026 03 22T11 21 50 boss fight"
lzGa44tOiMU,Hearthstone  Heroes of Warcraft   2026 03 22T11 27 01,"Hearthstone  Heroes of Warcraft   2026 03 22T11 27 01 – Book of Heroes | Hearthstone | Adventure Mode [Heroes of Warcraft]
Solo PvE gameplay from Hearthstone's Book of Heroes adventure, featuring the Hearthstone  Heroes of Warcraft   2026 03 22T11 27 01 boss fight"
ZI8uWGSk_Cc,Rikkar vs High Priest Thekal – Adventure Mode | Hearthstone | Adventure Mode,"Hearthstone Adventure Mode gameplay from Adventure Mode.

Featuring the Rikkar vs High Priest Thekal encounter.

Part of the Hearthstone adventure playlist."
gFUQxT3oVc0,Hearthstone  Heroes of Warcraft   2026 03 22T11 49 19,"Hearthstone  Heroes of Warcraft   2026 03 22T11 49 19 – Book of Heroes | Hearthstone | Adventure Mode [Heroes of Warcraft]
Solo PvE gameplay from Hearthstone's Book of Heroes adventure, featuring the Hearthstone  Heroes of Warcraft   2026 03 22T11 49 19 boss fight"
z8LTFpZ-OsU,Hearthstone  Heroes of Warcraft   2026 03 22T11 55 38,"Hearthstone  Heroes of Warcraft   2026 03 22T11 55 38 – Book of Heroes | Hearthstone | Adventure Mode [Heroes of Warcraft]
Solo PvE gameplay from Hearthstone's Book of Heroes adventure, featuring the Hearthstone  Heroes of Warcraft   2026 03 22T11 55 38 boss fight"
r5dQNqypr00,Hearthstone  Heroes of Warcraft   2026 03 22T12 09 27,"Hearthstone  Heroes of Warcraft   2026 03 22T12 09 27 – Book of Heroes | Hearthstone | Adventure Mode [Heroes of Warcraft]
Solo PvE gameplay from Hearthstone's Book of Heroes adventure, featuring the Hearthstone  Heroes of Warcraft   2026 03 22T12 09 27 boss fight"
naGj1iQ0cX8,Hearthstone  Heroes of Warcraft   2026 03 22T12 21 28,"Hearthstone  Heroes of Warcraft   2026 03 22T12 21 28 – Book of Heroes | Hearthstone | Adventure Mode [Heroes of Warcraft]
Solo PvE gameplay from Hearthstone's Book of Heroes adventure, featuring the Hearthstone  Heroes of Warcraft   2026 03 22T12 21 28 boss fight"
0GsmMDfvzhg,Hearthstone  Heroes of Warcraft   2026 03 22T12 41 30,"Hearthstone  Heroes of Warcraft   2026 03 22T12 41 30 – Book of Heroes | Hearthstone | Adventure Mode [Heroes of Warcraft]
Solo PvE gameplay from Hearthstone's Book of Heroes adventure, featuring the Hearthstone  Heroes of Warcraft   2026 03 22T12 41 30 boss fight"
sn5nGUwstck,Hearthstone  Heroes of Warcraft   2026 03 22T13 06 51,"Hearthstone  Heroes of Warcraft   2026 03 22T13 06 51 – Book of Heroes | Hearthstone | Adventure Mode [Heroes of Warcraft]
Solo PvE gameplay from Hearthstone's Book of Heroes adventure, featuring the Hearthstone  Heroes of Warcraft   2026 03 22T13 06 51 boss fight"
PK-FzDbVYmI,Hearthstone  Heroes of Warcraft   2026 03 22T13 18 31,"Hearthstone  Heroes of Warcraft   2026 03 22T13 18 31 – Book of Heroes | Hearthstone | Adventure Mode [Heroes of Warcraft]
Solo PvE gameplay from Hearthstone's Book of Heroes adventure, featuring the Hearthstone  Heroes of Warcraft   2026 03 22T13 18 31 boss fight"
P9PQZQvRgHA,Hearthstone  Heroes of Warcraft   2026 03 22T13 30 49,"Hearthstone  Heroes of Warcraft   2026 03 22T13 30 49 – Book of Heroes | Hearthstone | Adventure Mode [Heroes of Warcraft]
Solo PvE gameplay from Hearthstone's Book of Heroes adventure, featuring the Hearthstone  Heroes of Warcraft   2026 03 22T13 30 49 boss fight"
vk-v04Mvz6Q,Hearthstone  Heroes of Warcraft   2026 03 22T13 40 01,"Hearthstone  Heroes of Warcraft   2026 03 22T13 40 01 – Book of Heroes | Hearthstone | Adventure Mode [Heroes of Warcraft]
Solo PvE gameplay from Hearthstone's Book of Heroes adventure, featuring the Hearthstone  Heroes of Warcraft   2026 03 22T13 40 01 boss fight"
yJoqneKA5Zc,Hearthstone  Heroes of Warcraft   2026 03 23T15 00 50,"Hearthstone  Heroes of Warcraft   2026 03 23T15 00 50 – Book of Heroes | Hearthstone | Adventure Mode [Heroes of Warcraft]
Solo PvE gameplay from Hearthstone's Book of Heroes adventure, featuring the Hearthstone  Heroes of Warcraft   2026 03 23T15 00 50 boss fight"
a8vkhNxYDP0,Hearthstone  Heroes of Warcraft   2026 03 24T14 23 04,"Hearthstone  Heroes of Warcraft   2026 03 24T14 23 04 – Book of Heroes | Hearthstone | Adventure Mode [Heroes of Warcraft]
Solo PvE gameplay from Hearthstone's Book of Heroes adventure, featuring the Hearthstone  Heroes of Warcraft   2026 03 24T14 23 04 boss fight"
KzfnWi9X29w,Hearthstone  Heroes of Warcraft   2026 03 24T14 35 49,"Hearthstone  Heroes of Warcraft   2026 03 24T14 35 49 – Book of Heroes | Hearthstone | Adventure Mode [Heroes of Warcraft]
Solo PvE gameplay from Hearthstone's Book of Heroes adventure, featuring the Hearthstone  Heroes of Warcraft   2026 03 24T14 35 49 boss fight"
r7kMbzPZggw,Hearthstone  Heroes of Warcraft   2026 03 24T16 28 35,"Hearthstone  Heroes of Warcraft   2026 03 24T16 28 35 – Book of Heroes | Hearthstone | Adventure Mode [Heroes of Warcraft]
Solo PvE gameplay from Hearthstone's Book of Heroes adventure, featuring the Hearthstone  Heroes of Warcraft   2026 03 24T16 28 35 boss fight"
YlyApr9sZ3Q,Hearthstone  Heroes of Warcraft   2026 03 24T16 31 11,"Hearthstone  Heroes of Warcraft   2026 03 24T16 31 11 – Book of Heroes | Hearthstone | Adventure Mode [Heroes of Warcraft]
Solo PvE gameplay from Hearthstone's Book of Heroes adventure, featuring the Hearthstone  Heroes of Warcraft   2026 03 24T16 31 11 boss fight"
YVU5gsEBJT0,Hearthstone  Heroes of Warcraft   2026 03 24T17 30 59,"Hearthstone  Heroes of Warcraft   2026 03 24T17 30 59 – Book of Heroes | Hearthstone | Adventure Mode [Heroes of Warcraft]
Solo PvE gameplay from Hearthstone's Book of Heroes adventure, featuring the Hearthstone  Heroes of Warcraft   2026 03 24T17 30 59 boss fight"
SK5QovnaGFQ,Hearthstone  Heroes of Warcraft   2026 03 24T17 38 33,"Hearthstone  Heroes of Warcraft   2026 03 24T17 38 33 – Book of Heroes | Hearthstone | Adventure Mode [Heroes of Warcraft]
Solo PvE gameplay from Hearthstone's Book of Heroes adventure, featuring the Hearthstone  Heroes of Warcraft   2026 03 24T17 38 33 boss fight"
HvbIGvPZE0I,Hearthstone  Heroes of Warcraft   2026 03 24T17 44 27,"Hearthstone  Heroes of Warcraft   2026 03 24T17 44 27 – Book of Heroes | Hearthstone | Adventure Mode [Heroes of Warcraft]
Solo PvE gameplay from Hearthstone's Book of Heroes adventure, featuring the Hearthstone  Heroes of Warcraft   2026 03 24T17 44 27 boss fight"
JrffGIUEhfo,Hearthstone  Heroes of Warcraft   2026 03 24T17 53 41,"Hearthstone  Heroes of Warcraft   2026 03 24T17 53 41 – Book of Heroes | Hearthstone | Adventure Mode [Heroes of Warcraft]
Solo PvE gameplay from Hearthstone's Book of Heroes adventure, featuring the Hearthstone  Heroes of Warcraft   2026 03 24T17 53 41 boss fight"
M_q0lSPoM9g,Hearthstone  Heroes of Warcraft   2026 03 24T18 02 08,"Hearthstone  Heroes of Warcraft   2026 03 24T18 02 08 – Book of Heroes | Hearthstone | Adventure Mode [Heroes of Warcraft]
Solo PvE gameplay from Hearthstone's Book of Heroes adventure, featuring the Hearthstone  Heroes of Warcraft   2026 03 24T18 02 08 boss fight"
Ri84OMXBRWg,Hearthstone  Heroes of Warcraft   2026 03 25T20 44 25,"Hearthstone  Heroes of Warcraft   2026 03 25T20 44 25 – Book of Heroes | Hearthstone | Adventure Mode [Heroes of Warcraft]
Solo PvE gameplay from Hearthstone's Book of Heroes adventure, featuring the Hearthstone  Heroes of Warcraft   2026 03 25T20 44 25 boss fight"
2Tw2hRNwdG4,Hearthstone  Heroes of Warcraft   2026 03 25T20 51 35,"Hearthstone  Heroes of Warcraft   2026 03 25T20 51 35 – Book of Heroes | Hearthstone | Adventure Mode [Heroes of Warcraft]
Solo PvE gameplay from Hearthstone's Book of Heroes adventure, featuring the Hearthstone  Heroes of Warcraft   2026 03 25T20 51 35 boss fight"
phYfXuS6xFU,Illidan vs Kurtrus Ashfallen – Book of Heroes | Hearthstone | Adventure Mode,"Hearthstone Book of Heroes gameplay from Adventure Mode.

Featuring the Illidan vs Kurtrus Ashfallen encounter.

Part of the Hearthstone adventure playlist."
Yg_QZFbKIUk,Hearthstone  Heroes of Warcraft   2026 03 25T21 21 26,"Hearthstone  Heroes of Warcraft   2026 03 25T21 21 26 – Book of Heroes | Hearthstone | Adventure Mode [Heroes of Warcraft]
Solo PvE gameplay from Hearthstone's Book of Heroes adventure, featuring the Hearthstone  Heroes of Warcraft   2026 03 25T21 21 26 boss fight"
lVKKRcExfsw,Hearthstone  Heroes of Warcraft   2026 03 25T21 36 56,"Hearthstone  Heroes of Warcraft   2026 03 25T21 36 56 – Book of Heroes | Hearthstone | Adventure Mode [Heroes of Warcraft]
Solo PvE gameplay from Hearthstone's Book of Heroes adventure, featuring the Hearthstone  Heroes of Warcraft   2026 03 25T21 36 56 boss fight"
utpCevEi3Lo,Malfurion vs Cenarius – Book of Heroes | Hearthstone | Adventure Mode,"Hearthstone Book of Heroes gameplay from Adventure Mode.

Featuring the Malfurion vs Cenarius encounter.

Part of the Hearthstone adventure playlist."
JSBgr2T2CAk,Hearthstone  Heroes of Warcraft   2026 03 25T21 49 17,"Hearthstone  Heroes of Warcraft   2026 03 25T21 49 17 – Book of Heroes | Hearthstone | Adventure Mode [Heroes of Warcraft]
Solo PvE gameplay from Hearthstone's Book of Heroes adventure, featuring the Hearthstone  Heroes of Warcraft   2026 03 25T21 49 17 boss fight"
02tdf60_ShY,Hearthstone  Heroes of Warcraft   2026 03 25T21 57 00,"Hearthstone  Heroes of Warcraft   2026 03 25T21 57 00 – Book of Heroes | Hearthstone | Adventure Mode [Heroes of Warcraft]
Solo PvE gameplay from Hearthstone's Book of Heroes adventure, featuring the Hearthstone  Heroes of Warcraft   2026 03 25T21 57 00 boss fight"
bjVXmmR0-5g,Hearthstone  Heroes of Warcraft   2026 03 25T22 07 31,"Hearthstone  Heroes of Warcraft   2026 03 25T22 07 31 – Book of Heroes | Hearthstone | Adventure Mode [Heroes of Warcraft]
Solo PvE gameplay from Hearthstone's Book of Heroes adventure, featuring the Hearthstone  Heroes of Warcraft   2026 03 25T22 07 31 boss fight"
eAtvysus0lw,Hearthstone  Heroes of Warcraft   2026 03 25T22 16 49,"Hearthstone  Heroes of Warcraft   2026 03 25T22 16 49 – Book of Heroes | Hearthstone | Adventure Mode [Heroes of Warcraft]
Solo PvE gameplay from Hearthstone's Book of Heroes adventure, featuring the Hearthstone  Heroes of Warcraft   2026 03 25T22 16 49 boss fight"
kQa6U4nw3vY,Hearthstone  Heroes of Warcraft   2026 03 25T22 22 01,"Hearthstone  Heroes of Warcraft   2026 03 25T22 22 01 – Book of Heroes | Hearthstone | Adventure Mode [Heroes of Warcraft]
Solo PvE gameplay from Hearthstone's Book of Heroes adventure, featuring the Hearthstone  Heroes of Warcraft   2026 03 25T22 22 01 boss fight"
gIHq8EWRcmg,Hearthstone  Heroes of Warcraft   2026 03 25T22 35 48,"Hearthstone  Heroes of Warcraft   2026 03 25T22 35 48 – Book of Heroes | Hearthstone | Adventure Mode [Heroes of Warcraft]
Solo PvE gameplay from Hearthstone's Book of Heroes adventure, featuring the Hearthstone  Heroes of Warcraft   2026 03 25T22 35 48 boss fight"
XR9i4fk3mtQ,Hearthstone  Heroes of Warcraft   2026 03 25T22 41 14,"Hearthstone  Heroes of Warcraft   2026 03 25T22 41 14 – Book of Heroes | Hearthstone | Adventure Mode [Heroes of Warcraft]
Solo PvE gameplay from Hearthstone's Book of Heroes adventure, featuring the Hearthstone  Heroes of Warcraft   2026 03 25T22 41 14 boss fight"
5qz9p2J9QKQ,Hearthstone  Heroes of Warcraft   2026 03 25T22 51 15,"Hearthstone  Heroes of Warcraft   2026 03 25T22 51 15 – Book of Heroes | Hearthstone | Adventure Mode [Heroes of Warcraft]
Solo PvE gameplay from Hearthstone's Book of Heroes adventure, featuring the Hearthstone  Heroes of Warcraft   2026 03 25T22 51 15 boss fight"
IbRnpGRY9DA,Hearthstone  Heroes of Warcraft   2026 03 25T22 59 58,"Hearthstone  Heroes of Warcraft   2026 03 25T22 59 58 – Book of Heroes | Hearthstone | Adventure Mode [Heroes of Warcraft]
Solo PvE gameplay from Hearthstone's Book of Heroes adventure, featuring the Hearthstone  Heroes of Warcraft   2026 03 25T22 59 58 boss fight"
h16o38YlgCY,Hearthstone  Heroes of Warcraft   2026 03 25T23 03 00,"Hearthstone  Heroes of Warcraft   2026 03 25T23 03 00 – Book of Heroes | Hearthstone | Adventure Mode [Heroes of Warcraft]
Solo PvE gameplay from Hearthstone's Book of Heroes adventure, featuring the Hearthstone  Heroes of Warcraft   2026 03 25T23 03 00 boss fight"
ydBxTHWBqZ4,Hearthstone  Heroes of Warcraft   2026 03 26T15 30 45,"Hearthstone  Heroes of Warcraft   2026 03 26T15 30 45 – Book of Heroes | Hearthstone | Adventure Mode [Heroes of Warcraft]
Solo PvE gameplay from Hearthstone's Book of Heroes adventure, featuring the Hearthstone  Heroes of Warcraft   2026 03 26T15 30 45 boss fight"
mbp-avD87Ko,Hearthstone  Heroes of Warcraft   2026 03 26T15 33 40,"Hearthstone  Heroes of Warcraft   2026 03 26T15 33 40 – Book of Heroes | Hearthstone | Adventure Mode [Heroes of Warcraft]
Solo PvE gameplay from Hearthstone's Book of Heroes adventure, featuring the Hearthstone  Heroes of Warcraft   2026 03 26T15 33 40 boss fight"
BC1lv1nhbqk,Hearthstone  Heroes of Warcraft   2026 03 26T22 35 15,"Hearthstone  Heroes of Warcraft   2026 03 26T22 35 15 – Book of Heroes | Hearthstone | Adventure Mode [Heroes of Warcraft]
Solo PvE gameplay from Hearthstone's Book of Heroes adventure, featuring the Hearthstone  Heroes of Warcraft   2026 03 26T22 35 15 boss fight"
qg_XMlDYp4M,Hearthstone  Heroes of Warcraft   2026 03 26T23 07 22,"Hearthstone  Heroes of Warcraft   2026 03 26T23 07 22 – Book of Heroes | Hearthstone | Adventure Mode [Heroes of Warcraft]
Solo PvE gameplay from Hearthstone's Book of Heroes adventure, featuring the Hearthstone  Heroes of Warcraft   2026 03 26T23 07 22 boss fight"
HY2dnE4wDkU,Illidan vs Kurtrus Ashfallen – Book of Heroes | Hearthstone | Adventure Mode,"Hearthstone Book of Heroes gameplay from Adventure Mode.

Featuring the Illidan vs Kurtrus Ashfallen encounter.

Part of the Hearthstone adventure playlist."
wlgEXzVA3js,Hearthstone  Heroes of Warcraft   2026 03 26T23 57 18,"Hearthstone  Heroes of Warcraft   2026 03 26T23 57 18 – Book of Heroes | Hearthstone | Adventure Mode [Heroes of Warcraft]
Solo PvE gameplay from Hearthstone's Book of Heroes adventure, featuring the Hearthstone  Heroes of Warcraft   2026 03 26T23 57 18 boss fight"
UKjcs1dqSVY,Hearthstone  Heroes of Warcraft   2026 03 27T00 20 34,"Hearthstone  Heroes of Warcraft   2026 03 27T00 20 34 – Book of Heroes | Hearthstone | Adventure Mode [Heroes of Warcraft]
Solo PvE gameplay from Hearthstone's Book of Heroes adventure, featuring the Hearthstone  Heroes of Warcraft   2026 03 27T00 20 34 boss fight"
7oOn6pHalw8,Gul'dan vs Ner'zhul – Book of Heroes | Hearthstone | Adventure Mode,"Hearthstone Book of Heroes gameplay from Adventure Mode.

Featuring the Gul'dan vs Ner'zhul encounter.

Part of the Hearthstone adventure playlist."
xF2LZSYLzBo,Hearthstone  Heroes of Warcraft   2026 03 27T00 58 25,"Hearthstone  Heroes of Warcraft   2026 03 27T00 58 25 – Book of Heroes | Hearthstone | Adventure Mode [Heroes of Warcraft]
Solo PvE gameplay from Hearthstone's Book of Heroes adventure, featuring the Hearthstone  Heroes of Warcraft   2026 03 27T00 58 25 boss fight"
y8bY3sNe0xU,Hearthstone  Heroes of Warcraft   2026 03 15T23 18 12,"Hearthstone  Heroes of Warcraft   2026 03 15T23 18 12 – Book of Heroes | Hearthstone | Adventure Mode [Heroes of Warcraft]
Solo PvE gameplay from Hearthstone's Book of Heroes adventure, featuring the Hearthstone  Heroes of Warcraft   2026 03 15T23 18 12 boss fight"
PZbp5G7Imuk,Hearthstone  Heroes of Warcraft   2026 03 16T22 13 00,"Hearthstone  Heroes of Warcraft   2026 03 16T22 13 00 – Book of Heroes | Hearthstone | Adventure Mode [Heroes of Warcraft]
Solo PvE gameplay from Hearthstone's Book of Heroes adventure, featuring the Hearthstone  Heroes of Warcraft   2026 03 16T22 13 00 boss fight"
